timestamp,day_index,hour_index,hour_of_day,temperature_c,relative_humidity_pct,pressure_hpa,wind_speed_ms,wind_speed_knots,wind_speed_kmh,wind_direction_deg,wind_direction_cardinal,weather_event
2015-07-08T00:00:00Z,1,0,00:00,-16.5,68.0,984.7,7.2,14.0,25.9,118,ESE,Stable Polar Cold
2015-07-08T01:00:00Z,1,1,01:00,-16.8,69.4,984.7,7.9,15.4,28.4,120,ESE,Stable Polar Cold
2015-07-08T02:00:00Z,1,2,02:00,-17.1,70.5,984.7,8.49,16.5,30.6,122,ESE,Stable Polar Cold
2015-07-08T03:00:00Z,1,3,03:00,-17.5,71.0,984.6,8.88,17.3,32.0,124,SE,Stable Polar Cold
2015-07-08T04:00:00Z,1,4,04:00,-17.8,70.7,984.6,9.0,17.5,32.4,125,SE,Stable Polar Cold
2015-07-08T05:00:00Z,1,5,05:00,-17.8,69.8,984.5,8.84,17.2,31.8,125,SE,Stable Polar Cold
2015-07-08T06:00:00Z,1,6,06:00,-17.7,68.4,984.4,8.42,16.4,30.3,125,SE,Stable Polar Cold
2015-07-08T07:00:00Z,1,7,07:00,-17.6,66.9,984.3,7.81,15.2,28.1,124,SE,Stable Polar Cold
2015-07-08T08:00:00Z,1,8,08:00,-17.7,65.7,984.2,7.1,13.8,25.6,123,ESE,Stable Polar Cold
2015-07-08T09:00:00Z,1,9,09:00,-17.9,65.1,984.1,6.41,12.5,23.1,121,ESE,Stable Polar Cold
2015-07-08T10:00:00Z,1,10,10:00,-18.2,65.1,984.0,5.84,11.4,21.0,119,ESE,Stable Polar Cold
2015-07-08T11:00:00Z,1,11,11:00,-18.5,65.9,983.9,5.49,10.7,19.8,117,ESE,Stable Polar Cold
2015-07-08T12:00:00Z,1,12,12:00,-18.6,67.2,983.8,5.41,10.5,19.5,115,ESE,Stable Polar Cold
2015-07-08T13:00:00Z,1,13,13:00,-18.5,68.6,983.6,5.61,10.9,20.2,113,ESE,Stable Polar Cold
2015-07-08T14:00:00Z,1,14,14:00,-18.2,70.0,983.5,6.07,11.8,21.9,112,ESE,Stable Polar Cold
2015-07-08T15:00:00Z,1,15,15:00,-18.0,70.8,983.4,6.7,13.0,24.1,111,ESE,Stable Polar Cold
2015-07-08T16:00:00Z,1,16,16:00,-18.0,71.0,983.2,7.41,14.4,26.7,111,ESE,Stable Polar Cold
2015-07-08T17:00:00Z,1,17,17:00,-18.1,70.4,983.1,8.09,15.7,29.1,111,ESE,Stable Polar Cold
2015-07-08T18:00:00Z,1,18,18:00,-18.2,69.2,983.0,8.63,16.8,31.1,112,ESE,Stable Polar Cold
2015-07-08T19:00:00Z,1,19,19:00,-18.3,67.8,982.9,8.95,17.4,32.2,114,ESE,Stable Polar Cold
2015-07-08T20:00:00Z,1,20,20:00,-18.3,66.4,982.8,8.98,17.5,32.3,116,ESE,Stable Polar Cold
2015-07-08T21:00:00Z,1,21,21:00,-18.0,65.4,982.7,8.74,17.0,31.5,118,ESE,Stable Polar Cold
2015-07-08T22:00:00Z,1,22,22:00,-17.6,65.0,982.6,8.26,16.0,29.7,120,ESE,Stable Polar Cold
2015-07-08T23:00:00Z,1,23,23:00,-17.3,65.4,982.5,7.6,14.8,27.4,122,ESE,Stable Polar Cold
2015-07-09T00:00:00Z,2,24,00:00,-17.2,66.4,982.4,6.89,13.4,24.8,124,SE,Stable Polar Cold
2015-07-09T01:00:00Z,2,25,01:00,-17.2,67.8,982.4,6.22,12.1,22.4,125,SE,Stable Polar Cold
2015-07-09T02:00:00Z,2,26,02:00,-17.2,69.3,982.3,5.71,11.1,20.6,125,SE,Stable Polar Cold
2015-07-09T03:00:00Z,2,27,03:00,-17.2,70.4,982.3,5.44,10.6,19.6,125,SE,Stable Polar Cold
2015-07-09T04:00:00Z,2,28,04:00,-18.7,62.4,985.3,6.86,13.3,24.7,125,SE,Deep Temperature Decline
2015-07-09T05:00:00Z,2,29,05:00,-18.9,63.0,985.4,6.19,12.0,22.3,125,SE,Deep Temperature Decline
2015-07-09T06:00:00Z,2,30,06:00,-19.1,63.3,985.3,5.64,11.0,20.3,125,SE,Deep Temperature Decline
2015-07-09T07:00:00Z,2,31,07:00,-19.1,63.4,985.1,5.32,10.3,19.2,126,SE,Deep Temperature Decline
2015-07-09T08:00:00Z,2,32,08:00,-19.1,63.2,984.9,5.31,10.3,19.1,126,SE,Deep Temperature Decline
2015-07-09T09:00:00Z,2,33,09:00,-19.1,62.7,984.7,5.6,10.9,20.2,127,SE,Deep Temperature Decline
2015-07-09T10:00:00Z,2,34,10:00,-19.3,62.0,984.7,6.11,11.9,22.0,127,SE,Deep Temperature Decline
2015-07-09T11:00:00Z,2,35,11:00,-19.6,61.0,984.7,6.71,13.0,24.2,128,SE,Deep Temperature Decline
2015-07-09T12:00:00Z,2,36,12:00,-20.0,60.1,985.0,7.24,14.1,26.1,128,SE,Deep Temperature Decline
2015-07-09T13:00:00Z,2,37,13:00,-20.5,59.2,985.3,7.57,14.7,27.3,128,SE,Deep Temperature Decline
2015-07-09T14:00:00Z,2,38,14:00,-20.9,58.5,985.7,7.59,14.8,27.3,129,SE,Deep Temperature Decline
2015-07-09T15:00:00Z,2,39,15:00,-21.2,58.0,986.0,7.31,14.2,26.3,129,SE,Deep Temperature Decline
2015-07-09T16:00:00Z,2,40,16:00,-21.4,57.9,986.3,6.77,13.2,24.4,130,SE,Deep Temperature Decline
2015-07-09T17:00:00Z,2,41,17:00,-21.5,58.1,986.5,6.11,11.9,22.0,130,SE,Deep Temperature Decline
2015-07-09T18:00:00Z,2,42,18:00,-21.5,58.6,986.5,5.47,10.6,19.7,131,SE,Deep Temperature Decline
2015-07-09T19:00:00Z,2,43,19:00,-21.5,59.2,986.3,5.0,9.7,18.0,131,SE,Deep Temperature Decline
2015-07-09T20:00:00Z,2,44,20:00,-21.6,59.8,986.1,4.81,9.4,17.3,131,SE,Deep Temperature Decline
2015-07-09T21:00:00Z,2,45,21:00,-21.9,60.3,985.9,4.94,9.6,17.8,132,SE,Deep Temperature Decline
2015-07-09T22:00:00Z,2,46,22:00,-22.2,60.6,985.8,5.34,10.4,19.2,132,SE,Deep Temperature Decline
2015-07-09T23:00:00Z,2,47,23:00,-22.7,60.6,985.8,5.91,11.5,21.3,133,SE,Deep Temperature Decline
2015-07-10T00:00:00Z,3,48,00:00,-23.1,60.3,985.9,6.5,12.6,23.4,133,SE,Deep Temperature Decline
2015-07-10T01:00:00Z,3,49,01:00,-23.5,59.7,986.2,6.95,13.5,25.0,134,SE,Deep Temperature Decline
2015-07-10T02:00:00Z,3,50,02:00,-23.8,58.9,986.6,7.15,13.9,25.7,134,SE,Deep Temperature Decline
2015-07-10T03:00:00Z,3,51,03:00,-23.9,57.9,987.0,7.04,13.7,25.3,134,SE,Deep Temperature Decline
2015-07-10T04:00:00Z,3,52,04:00,-24.0,57.0,987.3,6.64,12.9,23.9,135,SE,Deep Temperature Decline
2015-07-10T05:00:00Z,3,53,05:00,-24.0,56.1,987.5,6.03,11.7,21.7,135,SE,Deep Temperature Decline
2015-07-10T06:00:00Z,3,54,06:00,-24.0,55.5,987.6,5.36,10.4,19.3,136,SE,Deep Temperature Decline
2015-07-10T07:00:00Z,3,55,07:00,-24.2,55.2,987.5,4.78,9.3,17.2,136,SE,Deep Temperature Decline
2015-07-10T08:00:00Z,3,56,08:00,-24.3,65.0,987.2,7.85,15.3,28.3,135,SE,Increasing Maritime Wind
2015-07-10T09:00:00Z,3,57,09:00,-24.3,65.5,986.7,8.76,17.0,31.5,135,SE,Increasing Maritime Wind
2015-07-10T10:00:00Z,3,58,10:00,-24.4,66.1,986.1,9.06,17.6,32.6,136,SE,Increasing Maritime Wind
2015-07-10T11:00:00Z,3,59,11:00,-24.6,66.6,985.6,8.68,16.9,31.2,136,SE,Increasing Maritime Wind
2015-07-10T12:00:00Z,3,60,12:00,-24.7,67.1,985.1,8.08,15.7,29.1,137,SE,Increasing Maritime Wind
2015-07-10T13:00:00Z,3,61,13:00,-24.6,67.7,984.5,7.95,15.5,28.6,137,SE,Increasing Maritime Wind
2015-07-10T14:00:00Z,3,62,14:00,-24.3,68.2,984.0,8.61,16.7,31.0,138,SE,Increasing Maritime Wind
2015-07-10T15:00:00Z,3,63,15:00,-23.8,68.8,983.5,9.82,19.1,35.4,138,SE,Increasing Maritime Wind
2015-07-10T16:00:00Z,3,64,16:00,-23.3,69.3,982.9,10.93,21.2,39.3,139,SE,Increasing Maritime Wind
2015-07-10T17:00:00Z,3,65,17:00,-23.1,69.8,982.4,11.38,22.1,41.0,139,SE,Increasing Maritime Wind
2015-07-10T18:00:00Z,3,66,18:00,-23.0,70.4,981.8,11.11,21.6,40.0,140,SE,Increasing Maritime Wind
2015-07-10T19:00:00Z,3,67,19:00,-23.2,70.9,981.3,10.64,20.7,38.3,140,SE,Increasing Maritime Wind
2015-07-10T20:00:00Z,3,68,20:00,-23.4,71.4,980.8,10.62,20.6,38.2,141,SE,Increasing Maritime Wind
2015-07-10T21:00:00Z,3,69,21:00,-23.5,72.0,980.2,11.39,22.1,41.0,141,SE,Increasing Maritime Wind
2015-07-10T22:00:00Z,3,70,22:00,-23.4,72.5,979.7,12.69,24.7,45.7,142,SE,Increasing Maritime Wind
2015-07-10T23:00:00Z,3,71,23:00,-23.0,73.0,979.2,13.87,27.0,49.9,143,SE,Increasing Maritime Wind
2015-07-11T00:00:00Z,4,72,00:00,-22.6,73.6,978.6,14.38,28.0,51.8,143,SE,Increasing Maritime Wind
2015-07-11T01:00:00Z,4,73,01:00,-22.1,74.1,978.1,14.18,27.6,51.0,144,SE,Increasing Maritime Wind
2015-07-11T02:00:00Z,4,74,02:00,-21.9,74.6,977.6,13.78,26.8,49.6,144,SE,Increasing Maritime Wind
2015-07-11T03:00:00Z,4,75,03:00,-21.8,75.2,977.0,13.84,26.9,49.8,145,SE,Increasing Maritime Wind
2015-07-11T04:00:00Z,4,76,04:00,-22.0,75.7,976.5,14.68,28.5,52.8,145,SE,Increasing Maritime Wind
2015-07-11T05:00:00Z,4,77,05:00,-22.2,76.2,976.0,16.05,31.2,57.8,146,SE,Increasing Maritime Wind
2015-07-11T06:00:00Z,4,78,06:00,-22.3,76.8,975.4,17.27,33.6,62.2,146,SE,Increasing Maritime Wind
2015-07-11T07:00:00Z,4,79,07:00,-22.2,77.3,974.9,17.82,34.6,64.2,147,SSE,Increasing Maritime Wind
2015-07-11T08:00:00Z,4,80,08:00,-21.8,77.9,974.3,17.66,34.3,63.6,147,SSE,Increasing Maritime Wind
2015-07-11T09:00:00Z,4,81,09:00,-21.3,78.4,973.8,17.31,33.6,62.3,148,SSE,Increasing Maritime Wind
2015-07-11T10:00:00Z,4,82,10:00,-20.9,78.9,973.3,17.43,33.9,62.7,148,SSE,Increasing Maritime Wind
2015-07-11T11:00:00Z,4,83,11:00,-20.6,79.5,972.7,18.34,35.7,66.0,149,SSE,Increasing Maritime Wind
2015-07-11T12:00:00Z,4,84,12:00,-21.2,85.3,972.0,18.06,35.1,65.0,155,SSE,Prydz Bay Coastal Blizzard
2015-07-11T13:00:00Z,4,85,13:00,-20.5,84.1,971.1,19.28,37.5,69.4,154,SSE,Prydz Bay Coastal Blizzard
2015-07-11T14:00:00Z,4,86,14:00,-19.9,82.6,970.2,21.63,42.0,77.9,154,SSE,Prydz Bay Coastal Blizzard
2015-07-11T15:00:00Z,4,87,15:00,-19.6,81.0,969.3,23.38,45.4,84.2,154,SSE,Prydz Bay Coastal Blizzard
2015-07-11T16:00:00Z,4,88,16:00,-19.7,79.6,968.3,23.42,45.5,84.3,154,SSE,Prydz Bay Coastal Blizzard
2015-07-11T17:00:00Z,4,89,17:00,-20.0,78.5,967.2,22.49,43.7,81.0,153,SSE,Prydz Bay Coastal Blizzard
2015-07-11T18:00:00Z,4,90,18:00,-20.0,78.0,966.1,22.34,43.4,80.4,152,SSE,Prydz Bay Coastal Blizzard
2015-07-11T19:00:00Z,4,91,19:00,-19.7,78.1,965.0,23.82,46.3,85.8,152,SSE,Prydz Bay Coastal Blizzard
2015-07-11T20:00:00Z,4,92,20:00,-19.2,78.9,964.0,25.94,50.4,93.4,151,SSE,Prydz Bay Coastal Blizzard
2015-07-11T21:00:00Z,4,93,21:00,-18.6,80.1,963.2,26.94,52.4,97.0,150,SSE,Prydz Bay Coastal Blizzard
2015-07-11T22:00:00Z,4,94,22:00,-18.2,81.6,962.5,26.22,51.0,94.4,149,SSE,Prydz Bay Coastal Blizzard
2015-07-11T23:00:00Z,4,95,23:00,-18.1,83.2,962.1,24.97,48.5,89.9,148,SSE,Prydz Bay Coastal Blizzard
2015-07-12T00:00:00Z,5,96,00:00,-18.5,84.6,961.9,24.87,48.4,89.5,147,SSE,Prydz Bay Coastal Blizzard
2015-07-12T01:00:00Z,5,97,01:00,-18.9,85.6,962.0,26.27,51.1,94.6,146,SE,Prydz Bay Coastal Blizzard
2015-07-12T02:00:00Z,5,98,02:00,-19.1,86.0,962.2,27.78,54.0,100.0,145,SE,Prydz Bay Coastal Blizzard
2015-07-12T03:00:00Z,5,99,03:00,-19.0,85.8,962.4,27.79,54.0,100.0,144,SE,Prydz Bay Coastal Blizzard
2015-07-12T04:00:00Z,5,100,04:00,-18.6,85.0,962.7,26.25,51.0,94.5,143,SE,Prydz Bay Coastal Blizzard
2015-07-12T05:00:00Z,5,101,05:00,-18.3,83.7,963.1,24.7,48.0,88.9,142,SE,Prydz Bay Coastal Blizzard
2015-07-12T06:00:00Z,5,102,06:00,-18.1,82.2,963.4,24.6,47.8,88.6,141,SE,Prydz Bay Coastal Blizzard
2015-07-12T07:00:00Z,5,103,07:00,-18.4,80.6,963.7,25.74,50.0,92.7,140,SE,Prydz Bay Coastal Blizzard
2015-07-12T08:00:00Z,5,104,08:00,-19.0,79.2,964.1,26.47,51.4,95.3,139,SE,Prydz Bay Coastal Blizzard
2015-07-12T09:00:00Z,5,105,09:00,-19.6,78.3,964.7,25.5,49.6,91.8,138,SE,Prydz Bay Coastal Blizzard
2015-07-12T10:00:00Z,5,106,10:00,-20.0,78.0,965.4,23.33,45.4,84.0,138,SE,Prydz Bay Coastal Blizzard
2015-07-12T11:00:00Z,5,107,11:00,-20.1,78.3,966.3,21.71,42.2,78.2,137,SE,Prydz Bay Coastal Blizzard
2015-07-12T12:00:00Z,5,108,12:00,-19.9,79.2,967.4,21.72,42.2,78.2,136,SE,Prydz Bay Coastal Blizzard
2015-07-12T13:00:00Z,5,109,13:00,-19.7,80.5,968.6,22.61,43.9,81.4,136,SE,Prydz Bay Coastal Blizzard
2015-07-12T14:00:00Z,5,110,14:00,-19.8,82.1,969.9,22.64,44.0,81.5,136,SE,Prydz Bay Coastal Blizzard
2015-07-12T15:00:00Z,5,111,15:00,-20.3,83.6,971.3,20.96,40.7,75.5,136,SE,Prydz Bay Coastal Blizzard
2015-07-12T16:00:00Z,5,112,16:00,-22.4,75.7,968.0,18.09,35.2,65.1,140,SE,Severe Cold-Wind Chill Peak
2015-07-12T17:00:00Z,5,113,17:00,-23.2,75.8,968.4,18.74,36.4,67.5,140,SE,Severe Cold-Wind Chill Peak
2015-07-12T18:00:00Z,5,114,18:00,-23.9,75.4,968.9,19.27,37.5,69.4,139,SE,Severe Cold-Wind Chill Peak
2015-07-12T19:00:00Z,5,115,19:00,-24.5,74.5,969.3,19.47,37.8,70.1,139,SE,Severe Cold-Wind Chill Peak
2015-07-12T20:00:00Z,5,116,20:00,-24.8,73.4,969.7,19.22,37.4,69.2,138,SE,Severe Cold-Wind Chill Peak
2015-07-12T21:00:00Z,5,117,21:00,-25.0,72.2,970.1,18.57,36.1,66.9,138,SE,Severe Cold-Wind Chill Peak
2015-07-12T22:00:00Z,5,118,22:00,-25.2,71.2,970.6,17.71,34.4,63.8,137,SE,Severe Cold-Wind Chill Peak
2015-07-12T23:00:00Z,5,119,23:00,-25.5,70.5,971.0,16.91,32.9,60.9,137,SE,Severe Cold-Wind Chill Peak
2015-07-13T00:00:00Z,6,120,00:00,-26.0,70.4,971.4,16.39,31.9,59.0,136,SE,Severe Cold-Wind Chill Peak
2015-07-13T01:00:00Z,6,121,01:00,-26.5,70.7,971.9,16.32,31.7,58.8,136,SE,Severe Cold-Wind Chill Peak
2015-07-13T02:00:00Z,6,122,02:00,-27.0,71.3,972.3,16.66,32.4,60.0,135,SE,Severe Cold-Wind Chill Peak
2015-07-13T03:00:00Z,6,123,03:00,-27.4,72.1,972.7,17.27,33.6,62.2,135,SE,Severe Cold-Wind Chill Peak
2015-07-13T04:00:00Z,6,124,04:00,-27.5,72.8,973.1,17.89,34.8,64.4,134,SE,Severe Cold-Wind Chill Peak
2015-07-13T05:00:00Z,6,125,05:00,-27.4,73.1,973.6,18.27,35.5,65.8,134,SE,Severe Cold-Wind Chill Peak
2015-07-13T06:00:00Z,6,126,06:00,-27.2,73.0,974.0,18.24,35.4,65.7,133,SE,Severe Cold-Wind Chill Peak
2015-07-13T07:00:00Z,6,127,07:00,-26.9,72.4,974.4,17.76,34.5,63.9,132,SE,Severe Cold-Wind Chill Peak
2015-07-13T08:00:00Z,6,128,08:00,-26.8,71.4,974.9,16.97,33.0,61.1,132,SE,Severe Cold-Wind Chill Peak
2015-07-13T09:00:00Z,6,129,09:00,-26.7,70.2,975.3,16.11,31.3,58.0,131,SE,Severe Cold-Wind Chill Peak
2015-07-13T10:00:00Z,6,130,10:00,-26.8,69.0,975.7,15.43,30.0,55.5,131,SE,Severe Cold-Wind Chill Peak
2015-07-13T11:00:00Z,6,131,11:00,-26.8,68.1,976.1,15.14,29.4,54.5,130,SE,Severe Cold-Wind Chill Peak
2015-07-13T12:00:00Z,6,132,12:00,-26.6,67.7,976.6,15.3,29.7,55.1,130,SE,Severe Cold-Wind Chill Peak
2015-07-13T13:00:00Z,6,133,13:00,-26.3,67.8,977.0,15.81,30.7,56.9,129,SE,Severe Cold-Wind Chill Peak
2015-07-13T14:00:00Z,6,134,14:00,-25.7,68.3,977.4,16.46,32.0,59.3,129,SE,Severe Cold-Wind Chill Peak
2015-07-13T15:00:00Z,6,135,15:00,-25.0,69.0,977.9,16.98,33.0,61.1,128,SE,Severe Cold-Wind Chill Peak
2015-07-13T16:00:00Z,6,136,16:00,-24.3,69.7,978.3,17.16,33.3,61.8,128,SE,Severe Cold-Wind Chill Peak
2015-07-13T17:00:00Z,6,137,17:00,-23.7,70.3,978.7,16.88,32.8,60.8,127,SE,Severe Cold-Wind Chill Peak
2015-07-13T18:00:00Z,6,138,18:00,-23.3,70.4,979.1,16.22,31.5,58.4,127,SE,Severe Cold-Wind Chill Peak
2015-07-13T19:00:00Z,6,139,19:00,-23.0,70.1,979.6,15.35,29.8,55.3,126,SE,Severe Cold-Wind Chill Peak
2015-07-13T20:00:00Z,6,140,20:00,-26.4,65.9,980.0,15.2,29.5,54.7,125,SE,Synoptic Weather Recovery
2015-07-13T21:00:00Z,6,141,21:00,-25.8,67.4,980.2,15.16,29.5,54.6,125,SE,Synoptic Weather Recovery
2015-07-13T22:00:00Z,6,142,22:00,-25.1,69.0,980.4,14.87,28.9,53.5,125,SE,Synoptic Weather Recovery
2015-07-13T23:00:00Z,6,143,23:00,-24.6,70.4,980.6,14.34,27.9,51.6,124,SE,Synoptic Weather Recovery
2015-07-14T00:00:00Z,7,144,00:00,-24.3,71.5,980.8,13.64,26.5,49.1,124,SE,Synoptic Weather Recovery
2015-07-14T01:00:00Z,7,145,01:00,-24.3,72.0,981.0,12.87,25.0,46.3,124,SE,Synoptic Weather Recovery
2015-07-14T02:00:00Z,7,146,02:00,-24.4,71.8,981.2,12.16,23.6,43.8,123,ESE,Synoptic Weather Recovery
2015-07-14T03:00:00Z,7,147,03:00,-24.3,71.1,981.4,11.63,22.6,41.9,123,ESE,Synoptic Weather Recovery
2015-07-14T04:00:00Z,7,148,04:00,-23.9,69.9,981.6,11.33,22.0,40.8,123,ESE,Synoptic Weather Recovery
2015-07-14T05:00:00Z,7,149,05:00,-23.3,68.4,981.8,11.28,21.9,40.6,122,ESE,Synoptic Weather Recovery
2015-07-14T06:00:00Z,7,150,06:00,-22.6,66.8,982.0,11.43,22.2,41.1,122,ESE,Synoptic Weather Recovery
2015-07-14T07:00:00Z,7,151,07:00,-22.0,65.4,982.2,11.68,22.7,42.0,122,ESE,Synoptic Weather Recovery
2015-07-14T08:00:00Z,7,152,08:00,-21.8,64.4,982.4,11.9,23.1,42.8,121,ESE,Synoptic Weather Recovery
2015-07-14T09:00:00Z,7,153,09:00,-21.9,64.0,982.6,11.98,23.3,43.1,121,ESE,Synoptic Weather Recovery
2015-07-14T10:00:00Z,7,154,10:00,-21.9,64.2,982.8,11.83,23.0,42.6,120,ESE,Synoptic Weather Recovery
2015-07-14T11:00:00Z,7,155,11:00,-21.8,65.0,982.9,11.43,22.2,41.1,120,ESE,Synoptic Weather Recovery
2015-07-14T12:00:00Z,7,156,12:00,-21.4,66.3,983.1,10.82,21.0,39.0,120,ESE,Synoptic Weather Recovery
2015-07-14T13:00:00Z,7,157,13:00,-20.7,67.9,983.3,10.07,19.6,36.3,119,ESE,Synoptic Weather Recovery
2015-07-14T14:00:00Z,7,158,14:00,-20.0,69.4,983.5,9.32,18.1,33.6,119,ESE,Synoptic Weather Recovery
2015-07-14T15:00:00Z,7,159,15:00,-19.5,70.8,983.7,8.67,16.9,31.2,119,ESE,Synoptic Weather Recovery
2015-07-14T16:00:00Z,7,160,16:00,-19.4,71.7,983.9,8.24,16.0,29.7,118,ESE,Synoptic Weather Recovery
2015-07-14T17:00:00Z,7,161,17:00,-19.4,72.0,984.1,8.05,15.6,29.0,118,ESE,Synoptic Weather Recovery
2015-07-14T18:00:00Z,7,162,18:00,-19.4,71.7,984.3,8.1,15.7,29.2,118,ESE,Synoptic Weather Recovery
2015-07-14T19:00:00Z,7,163,19:00,-19.3,70.8,984.5,8.3,16.1,29.9,117,ESE,Synoptic Weather Recovery
2015-07-14T20:00:00Z,7,164,20:00,-18.8,69.5,984.7,8.55,16.6,30.8,117,ESE,Synoptic Weather Recovery
2015-07-14T21:00:00Z,7,165,21:00,-18.1,67.9,984.9,8.73,17.0,31.4,117,ESE,Synoptic Weather Recovery
2015-07-14T22:00:00Z,7,166,22:00,-17.5,66.3,985.1,8.71,16.9,31.4,116,ESE,Synoptic Weather Recovery
2015-07-14T23:00:00Z,7,167,23:00,-17.0,65.1,985.3,8.46,16.4,30.5,116,ESE,Synoptic Weather Recovery
