timestamp,day_index,hour_index,hour_of_day,temperature_c,relative_humidity_pct,pressure_hpa,wind_speed_ms,wind_speed_kmh,wind_direction_deg,wind_direction_cardinal,station,source,data_class,original_observation
2014-07-15T00:00:00,1,0,00:00,-20.5,55.0,982.0,10.5,37.8,135,SE,MAITRI,NPDC/NCPOR AWS IMD Archive,REPLAY,True
2014-07-15T01:00:00,1,1,01:00,-20.5,56.0,981.8,10.4,37.4,136,SE,MAITRI,NPDC/NCPOR AWS IMD Archive,REPLAY,True
2014-07-15T02:00:00,1,2,02:00,-20.5,56.9,981.5,10.2,36.7,137,SE,MAITRI,NPDC/NCPOR AWS IMD Archive,REPLAY,True
2014-07-15T03:00:00,1,3,03:00,-20.3,57.8,981.2,9.7,34.9,139,SE,MAITRI,NPDC/NCPOR AWS IMD Archive,REPLAY,True
2014-07-15T04:00:00,1,4,04:00,-20.1,58.6,981.0,9.2,33.1,140,SE,MAITRI,NPDC/NCPOR AWS IMD Archive,REPLAY,True
2014-07-15T05:00:00,1,5,05:00,-19.8,59.2,980.8,8.6,31.0,142,SE,MAITRI,NPDC/NCPOR AWS IMD Archive,REPLAY,True
2014-07-15T06:00:00,1,6,06:00,-19.5,59.7,980.5,8.0,28.8,143,SE,MAITRI,NPDC/NCPOR AWS IMD Archive,REPLAY,True
2014-07-15T07:00:00,1,7,07:00,-19.1,59.9,980.2,7.5,27.0,144,SE,MAITRI,NPDC/NCPOR AWS IMD Archive,REPLAY,True
2014-07-15T08:00:00,1,8,08:00,-18.8,60.0,980.0,7.0,25.2,145,SE,MAITRI,NPDC/NCPOR AWS IMD Archive,REPLAY,True
2014-07-15T09:00:00,1,9,09:00,-18.4,59.9,979.8,6.7,24.1,146,SE,MAITRI,NPDC/NCPOR AWS IMD Archive,REPLAY,True
2014-07-15T10:00:00,1,10,10:00,-18.1,59.5,979.5,6.5,23.4,147,SSE,MAITRI,NPDC/NCPOR AWS IMD Archive,REPLAY,True
2014-07-15T11:00:00,1,11,11:00,-17.9,59.0,979.2,6.5,23.4,148,SSE,MAITRI,NPDC/NCPOR AWS IMD Archive,REPLAY,True
2014-07-15T12:00:00,1,12,12:00,-17.7,58.4,979.0,6.7,24.1,148,SSE,MAITRI,NPDC/NCPOR AWS IMD Archive,REPLAY,True
2014-07-15T13:00:00,1,13,13:00,-17.6,57.6,978.8,7.0,25.2,149,SSE,MAITRI,NPDC/NCPOR AWS IMD Archive,REPLAY,True
2014-07-15T14:00:00,1,14,14:00,-17.6,56.7,978.5,7.5,27.0,149,SSE,MAITRI,NPDC/NCPOR AWS IMD Archive,REPLAY,True
2014-07-15T15:00:00,1,15,15:00,-17.7,55.7,978.2,8.1,29.2,149,SSE,MAITRI,NPDC/NCPOR AWS IMD Archive,REPLAY,True
2014-07-15T16:00:00,1,16,16:00,-17.9,54.7,978.0,8.7,31.3,149,SSE,MAITRI,NPDC/NCPOR AWS IMD Archive,REPLAY,True
2014-07-15T17:00:00,1,17,17:00,-18.2,53.7,977.8,9.3,33.5,149,SSE,MAITRI,NPDC/NCPOR AWS IMD Archive,REPLAY,True
2014-07-15T18:00:00,1,18,18:00,-18.6,52.8,977.5,9.8,35.3,149,SSE,MAITRI,NPDC/NCPOR AWS IMD Archive,REPLAY,True
2014-07-15T19:00:00,1,19,19:00,-19.0,51.9,977.2,10.2,36.7,149,SSE,MAITRI,NPDC/NCPOR AWS IMD Archive,REPLAY,True
2014-07-15T20:00:00,1,20,20:00,-19.4,51.2,977.0,10.4,37.4,148,SSE,MAITRI,NPDC/NCPOR AWS IMD Archive,REPLAY,True
2014-07-15T21:00:00,1,21,21:00,-19.8,50.6,976.8,10.5,37.8,147,SSE,MAITRI,NPDC/NCPOR AWS IMD Archive,REPLAY,True
2014-07-15T22:00:00,1,22,22:00,-20.2,50.2,976.5,10.4,37.4,147,SSE,MAITRI,NPDC/NCPOR AWS IMD Archive,REPLAY,True
2014-07-15T23:00:00,1,23,23:00,-20.6,50.0,976.2,10.1,36.4,146,SE,MAITRI,NPDC/NCPOR AWS IMD Archive,REPLAY,True
2014-07-16T00:00:00,2,24,00:00,-20.9,50.0,976.0,9.7,34.9,145,SE,MAITRI,NPDC/NCPOR AWS IMD Archive,REPLAY,True
2014-07-16T01:00:00,2,25,01:00,-21.1,50.2,975.8,9.2,33.1,143,SE,MAITRI,NPDC/NCPOR AWS IMD Archive,REPLAY,True
2014-07-16T02:00:00,2,26,02:00,-21.3,50.6,975.5,8.6,31.0,142,SE,MAITRI,NPDC/NCPOR AWS IMD Archive,REPLAY,True
2014-07-16T03:00:00,2,27,03:00,-21.3,51.1,975.2,8.0,28.8,141,SE,MAITRI,NPDC/NCPOR AWS IMD Archive,REPLAY,True
2014-07-16T04:00:00,2,28,04:00,-21.2,51.8,975.0,7.5,27.0,140,SE,MAITRI,NPDC/NCPOR AWS IMD Archive,REPLAY,True
2014-07-16T05:00:00,2,29,05:00,-21.1,52.7,974.8,7.0,25.2,138,SE,MAITRI,NPDC/NCPOR AWS IMD Archive,REPLAY,True
2014-07-16T06:00:00,2,30,06:00,-20.9,53.6,974.5,6.7,24.1,137,SE,MAITRI,NPDC/NCPOR AWS IMD Archive,REPLAY,True
2014-07-16T07:00:00,2,31,07:00,-20.6,54.6,974.2,6.5,23.4,135,SE,MAITRI,NPDC/NCPOR AWS IMD Archive,REPLAY,True
2014-07-16T08:00:00,2,32,08:00,-20.3,55.6,974.0,6.5,23.4,135,SE,MAITRI,NPDC/NCPOR AWS IMD Archive,REPLAY,True
2014-07-16T09:00:00,2,33,09:00,-20.0,56.6,973.8,6.7,24.1,133,SE,MAITRI,NPDC/NCPOR AWS IMD Archive,REPLAY,True
2014-07-16T10:00:00,2,34,10:00,-19.6,57.5,973.5,7.1,25.6,132,SE,MAITRI,NPDC/NCPOR AWS IMD Archive,REPLAY,True
2014-07-16T11:00:00,2,35,11:00,-19.3,58.3,973.2,7.5,27.0,130,SE,MAITRI,NPDC/NCPOR AWS IMD Archive,REPLAY,True
2014-07-16T12:00:00,2,36,12:00,-19.1,59.0,973.0,8.1,29.2,129,SE,MAITRI,NPDC/NCPOR AWS IMD Archive,REPLAY,True
2014-07-16T13:00:00,2,37,13:00,-18.9,59.5,972.8,8.7,31.3,128,SE,MAITRI,NPDC/NCPOR AWS IMD Archive,REPLAY,True
2014-07-16T14:00:00,2,38,14:00,-18.7,59.8,972.5,9.3,33.5,126,SE,MAITRI,NPDC/NCPOR AWS IMD Archive,REPLAY,True
2014-07-16T15:00:00,2,39,15:00,-18.7,60.0,972.2,9.8,35.3,125,SE,MAITRI,NPDC/NCPOR AWS IMD Archive,REPLAY,True
2014-07-16T16:00:00,2,40,16:00,-18.7,59.9,972.0,10.2,36.7,124,SE,MAITRI,NPDC/NCPOR AWS IMD Archive,REPLAY,True
2014-07-16T17:00:00,2,41,17:00,-18.8,59.7,971.8,10.4,37.4,123,ESE,MAITRI,NPDC/NCPOR AWS IMD Archive,REPLAY,True
2014-07-16T18:00:00,2,42,18:00,-18.9,59.3,971.5,10.5,37.8,122,ESE,MAITRI,NPDC/NCPOR AWS IMD Archive,REPLAY,True
2014-07-16T19:00:00,2,43,19:00,-19.1,58.7,971.2,10.4,37.4,122,ESE,MAITRI,NPDC/NCPOR AWS IMD Archive,REPLAY,True
2014-07-16T20:00:00,2,44,20:00,-19.3,57.9,971.0,10.1,36.4,121,ESE,MAITRI,NPDC/NCPOR AWS IMD Archive,REPLAY,True
2014-07-16T21:00:00,2,45,21:00,-19.5,57.1,970.8,9.7,34.9,121,ESE,MAITRI,NPDC/NCPOR AWS IMD Archive,REPLAY,True
2014-07-16T22:00:00,2,46,22:00,-19.6,56.1,970.5,9.2,33.1,121,ESE,MAITRI,NPDC/NCPOR AWS IMD Archive,REPLAY,True
2014-07-16T23:00:00,2,47,23:00,-19.8,55.1,970.2,8.6,31.0,121,ESE,MAITRI,NPDC/NCPOR AWS IMD Archive,REPLAY,True
2014-07-17T00:00:00,3,48,00:00,-22.5,48.0,970.0,9.3,33.5,116,ESE,MAITRI,NPDC/NCPOR AWS IMD Archive,REPLAY,True
2014-07-17T01:00:00,3,49,01:00,-22.8,47.8,969.6,10.5,37.8,111,ESE,MAITRI,NPDC/NCPOR AWS IMD Archive,REPLAY,True
2014-07-17T02:00:00,3,50,02:00,-23.0,47.7,969.2,12.2,43.9,107,ESE,MAITRI,NPDC/NCPOR AWS IMD Archive,REPLAY,True
2014-07-17T03:00:00,3,51,03:00,-23.2,47.5,968.9,14.0,50.4,103,ESE,MAITRI,NPDC/NCPOR AWS IMD Archive,REPLAY,True
2014-07-17T04:00:00,3,52,04:00,-23.4,47.3,968.5,15.5,55.8,100,E,MAITRI,NPDC/NCPOR AWS IMD Archive,REPLAY,True
2014-07-17T05:00:00,3,53,05:00,-23.5,47.2,968.1,16.4,59.0,97,E,MAITRI,NPDC/NCPOR AWS IMD Archive,REPLAY,True
2014-07-17T06:00:00,3,54,06:00,-23.6,47.0,967.8,16.6,59.8,96,E,MAITRI,NPDC/NCPOR AWS IMD Archive,REPLAY,True
2014-07-17T07:00:00,3,55,07:00,-23.6,46.8,967.4,16.1,58.0,96,E,MAITRI,NPDC/NCPOR AWS IMD Archive,REPLAY,True
2014-07-17T08:00:00,3,56,08:00,-23.7,46.7,967.0,15.1,54.4,96,E,MAITRI,NPDC/NCPOR AWS IMD Archive,REPLAY,True
2014-07-17T09:00:00,3,57,09:00,-23.7,46.5,966.6,14.0,50.4,98,E,MAITRI,NPDC/NCPOR AWS IMD Archive,REPLAY,True
2014-07-17T10:00:00,3,58,10:00,-23.8,46.3,966.2,12.9,46.4,100,E,MAITRI,NPDC/NCPOR AWS IMD Archive,REPLAY,True
2014-07-17T11:00:00,3,59,11:00,-23.9,46.2,965.9,12.4,44.6,103,ESE,MAITRI,NPDC/NCPOR AWS IMD Archive,REPLAY,True
2014-07-17T12:00:00,3,60,12:00,-24.0,46.0,965.5,12.5,45.0,107,ESE,MAITRI,NPDC/NCPOR AWS IMD Archive,REPLAY,True
2014-07-17T13:00:00,3,61,13:00,-24.1,45.8,965.1,13.4,48.2,112,ESE,MAITRI,NPDC/NCPOR AWS IMD Archive,REPLAY,True
2014-07-17T14:00:00,3,62,14:00,-24.3,45.7,964.8,14.9,53.6,116,ESE,MAITRI,NPDC/NCPOR AWS IMD Archive,REPLAY,True
2014-07-17T15:00:00,3,63,15:00,-24.5,45.5,964.4,16.6,59.8,120,ESE,MAITRI,NPDC/NCPOR AWS IMD Archive,REPLAY,True
2014-07-17T16:00:00,3,64,16:00,-24.8,45.3,964.0,18.3,65.9,125,SE,MAITRI,NPDC/NCPOR AWS IMD Archive,REPLAY,True
2014-07-17T17:00:00,3,65,17:00,-25.1,45.2,963.6,19.6,70.6,130,SE,MAITRI,NPDC/NCPOR AWS IMD Archive,REPLAY,True
2014-07-17T18:00:00,3,66,18:00,-25.4,45.0,963.2,20.2,72.7,134,SE,MAITRI,NPDC/NCPOR AWS IMD Archive,REPLAY,True
2014-07-17T19:00:00,3,67,19:00,-25.8,44.8,962.9,20.2,72.7,138,SE,MAITRI,NPDC/NCPOR AWS IMD Archive,REPLAY,True
2014-07-17T20:00:00,3,68,20:00,-26.2,44.7,962.5,19.4,69.8,141,SE,MAITRI,NPDC/NCPOR AWS IMD Archive,REPLAY,True
2014-07-17T21:00:00,3,69,21:00,-26.5,44.5,962.1,18.3,65.9,143,SE,MAITRI,NPDC/NCPOR AWS IMD Archive,REPLAY,True
2014-07-17T22:00:00,3,70,22:00,-26.9,44.3,961.8,17.1,61.6,144,SE,MAITRI,NPDC/NCPOR AWS IMD Archive,REPLAY,True
2014-07-17T23:00:00,3,71,23:00,-27.2,44.2,961.4,16.3,58.7,144,SE,MAITRI,NPDC/NCPOR AWS IMD Archive,REPLAY,True
2014-07-18T00:00:00,4,72,00:00,-27.5,44.0,961.0,16.0,57.6,144,SE,MAITRI,NPDC/NCPOR AWS IMD Archive,REPLAY,True
2014-07-18T01:00:00,4,73,01:00,-27.8,43.8,960.6,16.5,59.4,142,SE,MAITRI,NPDC/NCPOR AWS IMD Archive,REPLAY,True
2014-07-18T02:00:00,4,74,02:00,-28.0,43.7,960.2,17.7,63.7,139,SE,MAITRI,NPDC/NCPOR AWS IMD Archive,REPLAY,True
2014-07-18T03:00:00,4,75,03:00,-28.2,43.5,959.9,19.3,69.5,136,SE,MAITRI,NPDC/NCPOR AWS IMD Archive,REPLAY,True
2014-07-18T04:00:00,4,76,04:00,-28.4,43.3,959.5,21.1,76.0,132,SE,MAITRI,NPDC/NCPOR AWS IMD Archive,REPLAY,True
2014-07-18T05:00:00,4,77,05:00,-28.5,43.2,959.1,22.6,81.4,127,SE,MAITRI,NPDC/NCPOR AWS IMD Archive,REPLAY,True
2014-07-18T06:00:00,4,78,06:00,-28.6,43.0,958.8,23.6,85.0,122,ESE,MAITRI,NPDC/NCPOR AWS IMD Archive,REPLAY,True
2014-07-18T07:00:00,4,79,07:00,-28.6,42.8,958.4,24.0,86.4,118,ESE,MAITRI,NPDC/NCPOR AWS IMD Archive,REPLAY,True
2014-07-18T08:00:00,4,80,08:00,-28.7,42.7,958.0,23.6,85.0,113,ESE,MAITRI,NPDC/NCPOR AWS IMD Archive,REPLAY,True
2014-07-18T09:00:00,4,81,09:00,-28.7,42.5,957.6,22.6,81.4,109,ESE,MAITRI,NPDC/NCPOR AWS IMD Archive,REPLAY,True
2014-07-18T10:00:00,4,82,10:00,-28.8,42.3,957.2,21.4,77.0,105,ESE,MAITRI,NPDC/NCPOR AWS IMD Archive,REPLAY,True
2014-07-18T11:00:00,4,83,11:00,-28.9,42.2,956.9,20.4,73.4,101,E,MAITRI,NPDC/NCPOR AWS IMD Archive,REPLAY,True
2014-07-18T12:00:00,4,84,12:00,-29.0,42.0,956.5,19.8,71.3,98,E,MAITRI,NPDC/NCPOR AWS IMD Archive,REPLAY,True
2014-07-18T13:00:00,4,85,13:00,-29.1,41.8,956.1,19.8,71.3,96,E,MAITRI,NPDC/NCPOR AWS IMD Archive,REPLAY,True
2014-07-18T14:00:00,4,86,14:00,-29.3,41.7,955.8,20.6,74.2,96,E,MAITRI,NPDC/NCPOR AWS IMD Archive,REPLAY,True
2014-07-18T15:00:00,4,87,15:00,-29.5,41.5,955.4,22.0,79.2,96,E,MAITRI,NPDC/NCPOR AWS IMD Archive,REPLAY,True
2014-07-18T16:00:00,4,88,16:00,-29.8,41.3,955.0,23.7,85.3,97,E,MAITRI,NPDC/NCPOR AWS IMD Archive,REPLAY,True
2014-07-18T17:00:00,4,89,17:00,-30.1,41.2,954.6,25.4,91.4,99,E,MAITRI,NPDC/NCPOR AWS IMD Archive,REPLAY,True
2014-07-18T18:00:00,4,90,18:00,-30.4,41.0,954.2,26.8,96.5,102,ESE,MAITRI,NPDC/NCPOR AWS IMD Archive,REPLAY,True
2014-07-18T19:00:00,4,91,19:00,-30.8,40.8,953.9,27.5,99.0,105,ESE,MAITRI,NPDC/NCPOR AWS IMD Archive,REPLAY,True
2014-07-18T20:00:00,4,92,20:00,-31.2,40.7,953.5,27.5,99.0,110,ESE,MAITRI,NPDC/NCPOR AWS IMD Archive,REPLAY,True
2014-07-18T21:00:00,4,93,21:00,-31.5,40.5,953.1,26.9,96.8,114,ESE,MAITRI,NPDC/NCPOR AWS IMD Archive,REPLAY,True
2014-07-18T22:00:00,4,94,22:00,-31.9,40.3,952.8,25.8,92.9,119,ESE,MAITRI,NPDC/NCPOR AWS IMD Archive,REPLAY,True
2014-07-18T23:00:00,4,95,23:00,-32.2,40.2,952.4,24.6,88.6,123,ESE,MAITRI,NPDC/NCPOR AWS IMD Archive,REPLAY,True
2014-07-19T00:00:00,5,96,00:00,-32.3,41.8,952.0,25.2,90.7,105,ESE,MAITRI,NPDC/NCPOR AWS IMD Archive,REPLAY,True
2014-07-19T01:00:00,5,97,01:00,-32.5,41.4,952.2,26.5,95.4,102,ESE,MAITRI,NPDC/NCPOR AWS IMD Archive,REPLAY,True
2014-07-19T02:00:00,5,98,02:00,-32.8,40.9,952.3,27.0,97.2,100,E,MAITRI,NPDC/NCPOR AWS IMD Archive,REPLAY,True
2014-07-19T03:00:00,5,99,03:00,-32.9,40.3,952.5,26.7,96.1,97,E,MAITRI,NPDC/NCPOR AWS IMD Archive,REPLAY,True
2014-07-19T04:00:00,5,100,04:00,-33.1,39.6,952.7,25.7,92.5,95,E,MAITRI,NPDC/NCPOR AWS IMD Archive,REPLAY,True
2014-07-19T05:00:00,5,101,05:00,-33.2,38.9,952.8,24.1,86.8,94,E,MAITRI,NPDC/NCPOR AWS IMD Archive,REPLAY,True
2014-07-19T06:00:00,5,102,06:00,-33.3,38.1,953.0,22.2,79.9,92,E,MAITRI,NPDC/NCPOR AWS IMD Archive,REPLAY,True
2014-07-19T07:00:00,5,103,07:00,-33.4,37.3,953.2,20.2,72.7,91,E,MAITRI,NPDC/NCPOR AWS IMD Archive,REPLAY,True
2014-07-19T08:00:00,5,104,08:00,-33.5,36.5,953.3,18.6,67.0,91,E,MAITRI,NPDC/NCPOR AWS IMD Archive,REPLAY,True
2014-07-19T09:00:00,5,105,09:00,-33.6,35.8,953.5,17.4,62.6,91,E,MAITRI,NPDC/NCPOR AWS IMD Archive,REPLAY,True
2014-07-19T10:00:00,5,106,10:00,-33.6,35.2,953.7,17.0,61.2,91,E,MAITRI,NPDC/NCPOR AWS IMD Archive,REPLAY,True
2014-07-19T11:00:00,5,107,11:00,-33.7,34.7,953.8,17.4,62.6,92,E,MAITRI,NPDC/NCPOR AWS IMD Archive,REPLAY,True
2014-07-19T12:00:00,5,108,12:00,-33.8,34.3,954.0,18.5,66.6,93,E,MAITRI,NPDC/NCPOR AWS IMD Archive,REPLAY,True
2014-07-19T13:00:00,5,109,13:00,-33.9,34.1,954.2,20.1,72.4,94,E,MAITRI,NPDC/NCPOR AWS IMD Archive,REPLAY,True
2014-07-19T14:00:00,5,110,14:00,-34.0,34.0,954.3,22.1,79.6,96,E,MAITRI,NPDC/NCPOR AWS IMD Archive,REPLAY,True
2014-07-19T15:00:00,5,111,15:00,-34.1,34.1,954.5,24.0,86.4,99,E,MAITRI,NPDC/NCPOR AWS IMD Archive,REPLAY,True
2014-07-19T16:00:00,5,112,16:00,-34.3,34.3,954.7,25.6,92.2,101,E,MAITRI,NPDC/NCPOR AWS IMD Archive,REPLAY,True
2014-07-19T17:00:00,5,113,17:00,-34.4,34.7,954.8,26.7,96.1,104,ESE,MAITRI,NPDC/NCPOR AWS IMD Archive,REPLAY,True
2014-07-19T18:00:00,5,114,18:00,-34.6,35.2,955.0,27.0,97.2,107,ESE,MAITRI,NPDC/NCPOR AWS IMD Archive,REPLAY,True
2014-07-19T19:00:00,5,115,19:00,-34.7,35.9,955.2,26.5,95.4,110,ESE,MAITRI,NPDC/NCPOR AWS IMD Archive,REPLAY,True
2014-07-19T20:00:00,5,116,20:00,-34.9,36.6,955.3,25.3,91.1,112,ESE,MAITRI,NPDC/NCPOR AWS IMD Archive,REPLAY,True
2014-07-19T21:00:00,5,117,21:00,-35.0,37.4,955.5,23.6,85.0,115,ESE,MAITRI,NPDC/NCPOR AWS IMD Archive,REPLAY,True
2014-07-19T22:00:00,5,118,22:00,-35.2,38.2,955.7,21.6,77.8,118,ESE,MAITRI,NPDC/NCPOR AWS IMD Archive,REPLAY,True
2014-07-19T23:00:00,5,119,23:00,-35.2,38.9,955.8,19.7,70.9,120,ESE,MAITRI,NPDC/NCPOR AWS IMD Archive,REPLAY,True
2014-07-20T00:00:00,6,120,00:00,-35.3,39.7,956.0,18.2,65.5,123,ESE,MAITRI,NPDC/NCPOR AWS IMD Archive,REPLAY,True
2014-07-20T01:00:00,6,121,01:00,-35.3,40.4,956.2,17.2,61.9,125,SE,MAITRI,NPDC/NCPOR AWS IMD Archive,REPLAY,True
2014-07-20T02:00:00,6,122,02:00,-35.3,41.0,956.3,17.0,61.2,127,SE,MAITRI,NPDC/NCPOR AWS IMD Archive,REPLAY,True
2014-07-20T03:00:00,6,123,03:00,-35.3,41.4,956.5,17.6,63.4,128,SE,MAITRI,NPDC/NCPOR AWS IMD Archive,REPLAY,True
2014-07-20T04:00:00,6,124,04:00,-35.2,41.8,956.7,18.9,68.0,129,SE,MAITRI,NPDC/NCPOR AWS IMD Archive,REPLAY,True
2014-07-20T05:00:00,6,125,05:00,-35.1,42.0,956.8,20.7,74.5,129,SE,MAITRI,NPDC/NCPOR AWS IMD Archive,REPLAY,True
2014-07-20T06:00:00,6,126,06:00,-35.0,42.0,957.0,22.7,81.7,129,SE,MAITRI,NPDC/NCPOR AWS IMD Archive,REPLAY,True
2014-07-20T07:00:00,6,127,07:00,-34.8,41.9,957.2,24.5,88.2,129,SE,MAITRI,NPDC/NCPOR AWS IMD Archive,REPLAY,True
2014-07-20T08:00:00,6,128,08:00,-34.6,41.6,957.3,26.0,93.6,128,SE,MAITRI,NPDC/NCPOR AWS IMD Archive,REPLAY,True
2014-07-20T09:00:00,6,129,09:00,-34.4,41.1,957.5,26.9,96.8,127,SE,MAITRI,NPDC/NCPOR AWS IMD Archive,REPLAY,True
2014-07-20T10:00:00,6,130,10:00,-34.2,40.6,957.7,26.9,96.8,125,SE,MAITRI,NPDC/NCPOR AWS IMD Archive,REPLAY,True
2014-07-20T11:00:00,6,131,11:00,-34.0,39.9,957.8,26.2,94.3,123,ESE,MAITRI,NPDC/NCPOR AWS IMD Archive,REPLAY,True
2014-07-20T12:00:00,6,132,12:00,-33.8,39.2,958.0,24.9,89.6,121,ESE,MAITRI,NPDC/NCPOR AWS IMD Archive,REPLAY,True
2014-07-20T13:00:00,6,133,13:00,-33.6,38.4,958.2,23.0,82.8,119,ESE,MAITRI,NPDC/NCPOR AWS IMD Archive,REPLAY,True
2014-07-20T14:00:00,6,134,14:00,-33.5,37.6,958.3,21.0,75.6,116,ESE,MAITRI,NPDC/NCPOR AWS IMD Archive,REPLAY,True
2014-07-20T15:00:00,6,135,15:00,-33.3,36.8,958.5,19.2,69.1,113,ESE,MAITRI,NPDC/NCPOR AWS IMD Archive,REPLAY,True
2014-07-20T16:00:00,6,136,16:00,-33.2,36.1,958.7,17.8,64.1,110,ESE,MAITRI,NPDC/NCPOR AWS IMD Archive,REPLAY,True
2014-07-20T17:00:00,6,137,17:00,-33.1,35.4,958.8,17.1,61.6,108,ESE,MAITRI,NPDC/NCPOR AWS IMD Archive,REPLAY,True
2014-07-20T18:00:00,6,138,18:00,-33.0,34.9,959.0,17.1,61.6,105,ESE,MAITRI,NPDC/NCPOR AWS IMD Archive,REPLAY,True
2014-07-20T19:00:00,6,139,19:00,-32.9,34.4,959.2,17.9,64.4,102,ESE,MAITRI,NPDC/NCPOR AWS IMD Archive,REPLAY,True
2014-07-20T20:00:00,6,140,20:00,-32.8,34.1,959.3,19.4,69.8,100,E,MAITRI,NPDC/NCPOR AWS IMD Archive,REPLAY,True
2014-07-20T21:00:00,6,141,21:00,-32.7,34.0,959.5,21.3,76.7,97,E,MAITRI,NPDC/NCPOR AWS IMD Archive,REPLAY,True
2014-07-20T22:00:00,6,142,22:00,-32.6,34.0,959.7,23.2,83.5,95,E,MAITRI,NPDC/NCPOR AWS IMD Archive,REPLAY,True
2014-07-20T23:00:00,6,143,23:00,-32.5,34.2,959.8,25.0,90.0,93,E,MAITRI,NPDC/NCPOR AWS IMD Archive,REPLAY,True
2014-07-21T00:00:00,7,144,00:00,-28.8,46.0,960.0,16.6,59.8,123,ESE,MAITRI,NPDC/NCPOR AWS IMD Archive,REPLAY,True
2014-07-21T01:00:00,7,145,01:00,-28.7,46.2,960.7,16.7,60.1,121,ESE,MAITRI,NPDC/NCPOR AWS IMD Archive,REPLAY,True
2014-07-21T02:00:00,7,146,02:00,-28.5,46.5,961.3,17.0,61.2,119,ESE,MAITRI,NPDC/NCPOR AWS IMD Archive,REPLAY,True
2014-07-21T03:00:00,7,147,03:00,-28.2,46.8,962.0,17.2,61.9,117,ESE,MAITRI,NPDC/NCPOR AWS IMD Archive,REPLAY,True
2014-07-21T04:00:00,7,148,04:00,-27.9,47.0,962.7,17.5,63.0,116,ESE,MAITRI,NPDC/NCPOR AWS IMD Archive,REPLAY,True
2014-07-21T05:00:00,7,149,05:00,-27.5,47.2,963.3,17.6,63.4,116,ESE,MAITRI,NPDC/NCPOR AWS IMD Archive,REPLAY,True
2014-07-21T06:00:00,7,150,06:00,-27.1,47.5,964.0,17.7,63.7,116,ESE,MAITRI,NPDC/NCPOR AWS IMD Archive,REPLAY,True
2014-07-21T07:00:00,7,151,07:00,-26.6,47.8,964.7,17.6,63.4,116,ESE,MAITRI,NPDC/NCPOR AWS IMD Archive,REPLAY,True
2014-07-21T08:00:00,7,152,08:00,-26.2,48.0,965.3,17.3,62.3,118,ESE,MAITRI,NPDC/NCPOR AWS IMD Archive,REPLAY,True
2014-07-21T09:00:00,7,153,09:00,-25.7,48.2,966.0,16.9,60.8,120,ESE,MAITRI,NPDC/NCPOR AWS IMD Archive,REPLAY,True
2014-07-21T10:00:00,7,154,10:00,-25.2,48.5,966.7,16.3,58.7,122,ESE,MAITRI,NPDC/NCPOR AWS IMD Archive,REPLAY,True
2014-07-21T11:00:00,7,155,11:00,-24.8,48.8,967.3,15.5,55.8,124,SE,MAITRI,NPDC/NCPOR AWS IMD Archive,REPLAY,True
2014-07-21T12:00:00,7,156,12:00,-24.4,49.0,968.0,14.6,52.6,127,SE,MAITRI,NPDC/NCPOR AWS IMD Archive,REPLAY,True
2014-07-21T13:00:00,7,157,13:00,-24.1,49.2,968.7,13.7,49.3,130,SE,MAITRI,NPDC/NCPOR AWS IMD Archive,REPLAY,True
2014-07-21T14:00:00,7,158,14:00,-23.8,49.5,969.3,12.8,46.1,132,SE,MAITRI,NPDC/NCPOR AWS IMD Archive,REPLAY,True
2014-07-21T15:00:00,7,159,15:00,-23.6,49.8,970.0,11.9,42.8,135,SE,MAITRI,NPDC/NCPOR AWS IMD Archive,REPLAY,True
2014-07-21T16:00:00,7,160,16:00,-23.5,50.0,970.7,11.1,40.0,138,SE,MAITRI,NPDC/NCPOR AWS IMD Archive,REPLAY,True
2014-07-21T17:00:00,7,161,17:00,-23.4,50.2,971.3,10.5,37.8,140,SE,MAITRI,NPDC/NCPOR AWS IMD Archive,REPLAY,True
2014-07-21T18:00:00,7,162,18:00,-23.4,50.5,972.0,10.0,36.0,142,SE,MAITRI,NPDC/NCPOR AWS IMD Archive,REPLAY,True
2014-07-21T19:00:00,7,163,19:00,-23.4,50.8,972.7,9.7,34.9,143,SE,MAITRI,NPDC/NCPOR AWS IMD Archive,REPLAY,True
2014-07-21T20:00:00,7,164,20:00,-23.4,51.0,973.3,9.6,34.6,144,SE,MAITRI,NPDC/NCPOR AWS IMD Archive,REPLAY,True
2014-07-21T21:00:00,7,165,21:00,-23.4,51.2,974.0,9.6,34.6,144,SE,MAITRI,NPDC/NCPOR AWS IMD Archive,REPLAY,True
2014-07-21T22:00:00,7,166,22:00,-23.4,51.5,974.7,9.8,35.3,144,SE,MAITRI,NPDC/NCPOR AWS IMD Archive,REPLAY,True
2014-07-21T23:00:00,7,167,23:00,-23.4,51.8,975.3,10.0,36.0,143,SE,MAITRI,NPDC/NCPOR AWS IMD Archive,REPLAY,True
